{
  "summary": {
    "avg_eng_chn_distance": 0.2926332036669065,
    "avg_chinese_variance": 0.1794739331791195,
    "avg_total_variance": 0.2171121440777456,
    "chinese_wisdom_boost": 0.15560391111111116,
    "chinese_justice_vs_greek": -0.08170057142857123
  },
  "results": [
    {
      "verse": 1,
      "english_coords": [
        0.8,
        0.75,
        0.5,
        0.85
      ],
      "wedau_coords": [
        0.9254237288135594,
        0.75,
        0.4059322033898305,
        0.85
      ],
      "greek_coords": [
        0.5,
        0.75,
        0.5,
        0.6
      ],
      "spanish_coords": [
        0.9149999999999999,
        0.9400000000000001,
        0.68625,
        0.885
      ],
      "chinese_coords": [
        0.8604800000000001,
        0.8896000000000002,
        0.6968,
        1.0
      ],
      "centroid": [
        0.8001807457627119,
        0.81592,
        0.5577964406779661,
        0.837
      ],
      "eng_chn_distance": 0.29047586887726157,
      "chinese_variance": 0.23442638922648482,
      "avg_variance": 0.22822226820701727
    },
    {
      "verse": 8,
      "english_coords": [
        0.8185185185185184,
        0.7055555555555555,
        0.46296296296296297,
        0.7333333333333333
      ],
      "wedau_coords": [
        0.8245901639344262,
        0.6666666666666666,
        0.4065573770491803,
        0.7333333333333333
      ],
      "greek_coords": [
        0.5,
        0.6,
        0.5,
        0.5
      ],
      "spanish_coords": [
        0.895,
        0.76,
        0.5675,
        0.78375
      ],
      "chinese_coords": [
        0.7285645714285715,
        0.7902925714285715,
        0.594368,
        0.879952
      ],
      "centroid": [
        0.7533346507763032,
        0.7045029587301588,
        0.5062776680024287,
        0.7260737333333332
      ],
      "eng_chn_distance": 0.23245728990492193,
      "chinese_variance": 0.19852415979325214,
      "avg_variance": 0.1869537433338959
    },
    {
      "verse": 11,
      "english_coords": [
        0.7502564102564102,
        0.5,
        0.36230769230769233,
        0.5666666666666667
      ],
      "wedau_coords": [
        0.7315068493150685,
        0.5833333333333334,
        0.40136986301369865,
        0.6166666666666667
      ],
      "greek_coords": [
        0.745,
        1.0,
        0.654,
        0.88
      ],
      "spanish_coords": [
        0.755,
        0.755,
        0.61,
        0.7
      ],
      "chinese_coords": [
        0.8539999999999999,
        0.6162,
        0.4328,
        0.796
      ],
      "centroid": [
        0.7671526519142956,
        0.6909066666666667,
        0.4920955110642781,
        0.7118666666666668
      ],
      "eng_chn_distance": 0.28605614070397267,
      "chinese_variance": 0.15400624443221653,
      "avg_variance": 0.22481422378377997
    },
    {
      "verse": 14,
      "english_coords": [
        0.7,
        0.6666666666666666,
        0.5,
        0.7333333333333333
      ],
      "wedau_coords": [
        0.8504672897196262,
        0.6666666666666666,
        0.4046728971962617,
        0.7566978193146418
      ],
      "greek_coords": [
        0.8325,
        1.0,
        0.7134999999999999,
        0.9947999999999999
      ],
      "spanish_coords": [
        0.89,
        0.905,
        0.71875,
        0.88
      ],
      "chinese_coords": [
        0.8312,
        0.8310000000000001,
        0.6799999999999999,
        1.0
      ],
      "centroid": [
        0.8208334579439253,
        0.8138666666666667,
        0.6033845794392523,
        0.872966230529595
      ],
      "eng_chn_distance": 0.38435659946923717,
      "chinese_variance": 0.14969474793349205,
      "avg_variance": 0.21869436014313828
    },
    {
      "verse": 15,
      "english_coords": [
        0.6,
        0.85,
        0.7999999999999999,
        0.8999999999999999
      ],
      "wedau_coords": [
        0.4292517006802722,
        0.30000000000000004,
        0.35306122448979593,
        0.7
      ],
      "greek_coords": [
        0.6749999999999999,
        1.0,
        0.745,
        0.866
      ],
      "spanish_coords": [
        0.9053273809523809,
        0.89,
        0.7091517857142857,
        0.8825297619047618
      ],
      "chinese_coords": [
        0.7806367999999999,
        0.8681040000000001,
        0.6284799999999999,
        0.9689248
      ],
      "centroid": [
        0.6780431763265307,
        0.7816208,
        0.6471386020408163,
        0.8634909123809523
      ],
      "eng_chn_distance": 0.2590890711421074,
      "chinese_variance": 0.171666081650619,
      "avg_variance": 0.2994735668327392
    },
    {
      "verse": 24,
      "english_coords": [
        0.9219999999999999,
        0.75,
        0.4085,
        0.85
      ],
      "wedau_coords": [
        0.9256198347107438,
        0.75,
        0.40578512396694216,
        0.85
      ],
      "greek_coords": [
        0.766,
        1.0,
        0.486,
        0.9149999999999999
      ],
      "spanish_coords": [
        0.9049999999999999,
        0.8300000000000001,
        0.5525,
        0.885
      ],
      "chinese_coords": [
        0.7788962162162162,
        0.8646000000000001,
        0.6392,
        0.92208
      ],
      "centroid": [
        0.8595032101853921,
        0.8389200000000001,
        0.49839702479338843,
        0.8844160000000001
      ],
      "eng_chn_distance": 0.30336425190393806,
      "chinese_variance": 0.16852597603865235,
      "avg_variance": 0.14451470216590306
    }
  ]
}