{
  "summary": {
    "avg_eng_spa_distance": 0.28575962354374895,
    "avg_spanish_love_boost": 0.11242540869624203,
    "avg_spanish_j_vs_greek_j": -0.044999999999999964,
    "avg_variance": 0.2244646151622467,
    "predictions": {
      "eng_spa_distance": false,
      "love_boost": true,
      "justice_lower_than_greek": true
    }
  },
  "results": [
    {
      "verse": 1,
      "english_coords": [
        0.8,
        0.75,
        0.5,
        0.85
      ],
      "wedau_coords": [
        0.9254237288135594,
        0.75,
        0.4059322033898305,
        0.85
      ],
      "greek_coords": [
        0.5,
        0.75,
        0.5,
        0.6
      ],
      "spanish_coords": [
        0.9149999999999999,
        0.9400000000000001,
        0.68625,
        0.885
      ],
      "centroid": [
        0.7851059322033899,
        0.7975,
        0.5230455508474576,
        0.7962499999999999
      ],
      "eng_spa_distance": 0.291957295678666,
      "variance": 0.22275426783699787
    },
    {
      "verse": 8,
      "english_coords": [
        0.8185185185185184,
        0.7055555555555555,
        0.46296296296296297,
        0.7333333333333333
      ],
      "wedau_coords": [
        0.8245901639344262,
        0.6666666666666666,
        0.4065573770491803,
        0.7333333333333333
      ],
      "greek_coords": [
        0.5,
        0.6,
        0.5,
        0.5
      ],
      "spanish_coords": [
        0.895,
        0.76,
        0.5675,
        0.78375
      ],
      "centroid": [
        0.7595271706132362,
        0.6830555555555555,
        0.4842550850030358,
        0.6876041666666666
      ],
      "eng_spa_distance": 0.14927641116642323,
      "variance": 0.18137846847295808
    },
    {
      "verse": 11,
      "english_coords": [
        0.7502564102564102,
        0.5,
        0.36230769230769233,
        0.5666666666666667
      ],
      "wedau_coords": [
        0.7315068493150685,
        0.5833333333333334,
        0.40136986301369865,
        0.6166666666666667
      ],
      "greek_coords": [
        0.745,
        1.0,
        0.654,
        0.88
      ],
      "spanish_coords": [
        0.755,
        0.755,
        0.61,
        0.7
      ],
      "centroid": [
        0.7454408148928696,
        0.7095833333333333,
        0.5069193888303477,
        0.6908333333333334
      ],
      "eng_spa_distance": 0.37970614784511203,
      "variance": 0.23857466910109865
    },
    {
      "verse": 14,
      "english_coords": [
        0.7,
        0.6666666666666666,
        0.5,
        0.7333333333333333
      ],
      "wedau_coords": [
        0.8504672897196262,
        0.6666666666666666,
        0.4046728971962617,
        0.7566978193146418
      ],
      "greek_coords": [
        0.8325,
        1.0,
        0.7134999999999999,
        0.9947999999999999
      ],
      "spanish_coords": [
        0.89,
        0.905,
        0.71875,
        0.88
      ],
      "centroid": [
        0.8182418224299065,
        0.8095833333333333,
        0.5842307242990654,
        0.8412077881619937
      ],
      "eng_spa_distance": 0.40282186061445197,
      "variance": 0.234560812075119
    },
    {
      "verse": 15,
      "english_coords": [
        0.6,
        0.85,
        0.7999999999999999,
        0.8999999999999999
      ],
      "wedau_coords": [
        0.4292517006802722,
        0.30000000000000004,
        0.35306122448979593,
        0.7
      ],
      "greek_coords": [
        0.6749999999999999,
        1.0,
        0.745,
        0.866
      ],
      "spanish_coords": [
        0.9053273809523809,
        0.89,
        0.7091517857142857,
        0.8825297619047618
      ],
      "centroid": [
        0.6523947704081633,
        0.76,
        0.6518032525510205,
        0.8371324404761904
      ],
      "eng_spa_distance": 0.3215329171597329,
      "variance": 0.33831158227829883
    },
    {
      "verse": 24,
      "english_coords": [
        0.9219999999999999,
        0.75,
        0.4085,
        0.85
      ],
      "wedau_coords": [
        0.9256198347107438,
        0.75,
        0.40578512396694216,
        0.85
      ],
      "greek_coords": [
        0.766,
        1.0,
        0.486,
        0.9149999999999999
      ],
      "spanish_coords": [
        0.9049999999999999,
        0.8300000000000001,
        0.5525,
        0.885
      ],
      "centroid": [
        0.879654958677686,
        0.8325,
        0.46319628099173554,
        0.875
      ],
      "eng_spa_distance": 0.1692631087981076,
      "variance": 0.1312078912090078
    }
  ]
}