{
  "metrics": {
    "love": {
      "total_drift": 0.039999999999999925,
      "avg_drift_per_period": 0.01881917103688196,
      "incremental_drifts": [
        0.026457513110645845,
        0.020000000000000018,
        0.010000000000000009
      ],
      "dimensional_drifts": {
        "L": 0.019999999999999907,
        "J": -0.020000000000000018,
        "P": -0.020000000000000018,
        "W": 0.019999999999999907
      },
      "word_changes": 1,
      "semantic_stability": 0.9615384615384615,
      "coord_sequence": [
        [
          0.93,
          0.62,
          0.52,
          0.68
        ],
        [
          0.94,
          0.6,
          0.51,
          0.69
        ],
        [
          0.95,
          0.59,
          0.5,
          0.7
        ],
        [
          0.95,
          0.6,
          0.5,
          0.7
        ]
      ],
      "word_sequence": [
        "lufu",
        "love",
        "love",
        "love"
      ]
    },
    "truth": {
      "total_drift": 0.04582575694955839,
      "avg_drift_per_period": 0.015485837703548635,
      "incremental_drifts": [
        0.026457513110645887,
        0.020000000000000018,
        0.0
      ],
      "dimensional_drifts": {
        "L": -0.030000000000000027,
        "J": 0.019999999999999907,
        "P": -0.020000000000000018,
        "W": 0.020000000000000018
      },
      "word_changes": 2,
      "semantic_stability": 0.956182225724463,
      "coord_sequence": [
        [
          0.68,
          0.93,
          0.62,
          0.83
        ],
        [
          0.66,
          0.94,
          0.61,
          0.84
        ],
        [
          0.65,
          0.95,
          0.6,
          0.85
        ],
        [
          0.65,
          0.95,
          0.6,
          0.85
        ]
      ],
      "word_sequence": [
        "tr\u0113ow\u00fe",
        "trouthe",
        "truth",
        "truth"
      ]
    },
    "freedom": {
      "total_drift": 0.1410673597966589,
      "avg_drift_per_period": 0.04781353234686465,
      "incremental_drifts": [
        0.06082762530298222,
        0.050990195135927896,
        0.03162277660168382
      ],
      "dimensional_drifts": {
        "L": 0.050000000000000044,
        "J": -0.050000000000000044,
        "P": 0.10000000000000009,
        "W": 0.06999999999999995
      },
      "word_changes": 2,
      "semantic_stability": 0.8763724519981033,
      "coord_sequence": [
        [
          0.7,
          0.75,
          0.7,
          0.68
        ],
        [
          0.72,
          0.73,
          0.75,
          0.7
        ],
        [
          0.74,
          0.71,
          0.78,
          0.73
        ],
        [
          0.75,
          0.7,
          0.8,
          0.75
        ]
      ],
      "word_sequence": [
        "fr\u0113od\u014dm",
        "fredom",
        "freedom",
        "freedom"
      ]
    },
    "wisdom": {
      "total_drift": 0.04242640687119283,
      "avg_drift_per_period": 0.014831632475943926,
      "incremental_drifts": [
        0.024494897427831758,
        0.020000000000000018,
        0.0
      ],
      "dimensional_drifts": {
        "L": 0.019999999999999907,
        "J": -0.030000000000000027,
        "P": 0.020000000000000018,
        "W": -0.010000000000000009
      },
      "word_changes": 1,
      "semantic_stability": 0.9593003337295203,
      "coord_sequence": [
        [
          0.68,
          0.78,
          0.48,
          0.96
        ],
        [
          0.69,
          0.76,
          0.49,
          0.96
        ],
        [
          0.7,
          0.75,
          0.5,
          0.95
        ],
        [
          0.7,
          0.75,
          0.5,
          0.95
        ]
      ],
      "word_sequence": [
        "w\u012bsd\u014dm",
        "wisdom",
        "wisdom",
        "wisdom"
      ]
    },
    "lord": {
      "total_drift": 0.15937377450509227,
      "avg_drift_per_period": 0.08453913266092915,
      "incremental_drifts": [
        0.07615773105863909,
        0.07745966692414834,
        0.1
      ],
      "dimensional_drifts": {
        "L": -0.14999999999999997,
        "J": 0.050000000000000044,
        "P": -0.020000000000000018,
        "W": 0.0
      },
      "word_changes": 1,
      "semantic_stability": 0.862534604447884,
      "coord_sequence": [
        [
          0.6,
          0.75,
          0.9,
          0.7
        ],
        [
          0.55,
          0.8,
          0.92,
          0.72
        ],
        [
          0.5,
          0.85,
          0.93,
          0.75
        ],
        [
          0.45,
          0.8,
          0.88,
          0.7
        ]
      ],
      "word_sequence": [
        "hl\u0101ford",
        "lord",
        "lord",
        "lord"
      ]
    },
    "god": {
      "total_drift": 0.14730919862656233,
      "avg_drift_per_period": 0.06720099928126151,
      "incremental_drifts": [
        0.042426406871192805,
        0.04472135954999581,
        0.11445523142259591
      ],
      "dimensional_drifts": {
        "L": -0.09999999999999998,
        "J": -0.040000000000000036,
        "P": -0.09999999999999998,
        "W": -0.010000000000000009
      },
      "word_changes": 0,
      "semantic_stability": 0.8716046216635365,
      "coord_sequence": [
        [
          0.88,
          0.92,
          0.85,
          0.93
        ],
        [
          0.85,
          0.94,
          0.87,
          0.94
        ],
        [
          0.82,
          0.93,
          0.84,
          0.95
        ],
        [
          0.78,
          0.88,
          0.75,
          0.92
        ]
      ],
      "word_sequence": [
        "god",
        "god",
        "god",
        "god"
      ]
    }
  },
  "comparison": {
    "love": {
      "word_changes": 1,
      "semantic_drift": 0.039999999999999925,
      "stability": 0.9615384615384615
    },
    "truth": {
      "word_changes": 2,
      "semantic_drift": 0.04582575694955839,
      "stability": 0.956182225724463
    },
    "freedom": {
      "word_changes": 2,
      "semantic_drift": 0.1410673597966589,
      "stability": 0.8763724519981033
    },
    "wisdom": {
      "word_changes": 1,
      "semantic_drift": 0.04242640687119283,
      "stability": 0.9593003337295203
    },
    "lord": {
      "word_changes": 1,
      "semantic_drift": 0.15937377450509227,
      "stability": 0.862534604447884
    },
    "god": {
      "word_changes": 0,
      "semantic_drift": 0.14730919862656233,
      "stability": 0.8716046216635365
    }
  },
  "insights": {
    "avg_word_changes": 1.1666666666666667,
    "avg_semantic_drift": 0.09600041612484411,
    "avg_dimensional_drifts": {
      "L": 0.06166666666666664,
      "J": 0.03500000000000001,
      "P": 0.04666666666666669,
      "W": 0.02166666666666665
    },
    "stable_concepts": [
      "love",
      "wisdom",
      "truth"
    ],
    "drifting_concepts": [
      "freedom",
      "god",
      "lord"
    ]
  }
}