{
  "english": {
    "source_lang": "english",
    "target_lang": "english",
    "scale": [
      1.0,
      1.0,
      1.0,
      1.0
    ],
    "offset": [
      0.0,
      0.0,
      0.0,
      0.0
    ],
    "error": 0.0,
    "num_verses": 0
  },
  "wedau": {
    "source_lang": "wedau",
    "target_lang": "english",
    "scale": [
      0.3117637052594601,
      0.07867854200040371,
      -2.8677162740478006,
      0.2916193241260566
    ],
    "offset": [
      0.38251461116427704,
      0.5444333565900574,
      1.6503778509780778,
      0.42222642032473473
    ],
    "error": 0.23031310687036216,
    "num_verses": 45
  },
  "greek": {
    "source_lang": "greek",
    "target_lang": "english",
    "scale": [
      0.3973995338832131,
      0.17131852766930997,
      0.45942951065952037,
      0.3560170763287432
    ],
    "offset": [
      0.39767689755678937,
      0.46312793832418764,
      0.25118797897531836,
      0.3939469072417542
    ],
    "error": 0.22781457519024848,
    "num_verses": 45
  },
  "spanish": {
    "source_lang": "spanish",
    "target_lang": "english",
    "scale": [
      0.5138428802391403,
      0.4486448145445688,
      0.4793555585227147,
      0.6077648876723879
    ],
    "offset": [
      0.25775373486902015,
      0.2951644287265562,
      0.23564623103617421,
      0.21605870583937076
    ],
    "error": 0.19045532962827327,
    "num_verses": 45
  },
  "chinese": {
    "source_lang": "chinese",
    "target_lang": "english",
    "scale": [
      0.31318494981772255,
      0.33892973737945437,
      0.19904009763225422,
      0.5384769538046509
    ],
    "offset": [
      0.4192811917762672,
      0.3571745496280518,
      0.3741255957940633,
      0.13650894901937097
    ],
    "error": 0.2282057262905848,
    "num_verses": 45
  }
}