{
  "Greek": {
    "verse_count": 45,
    "mean_harmony": 0.6510916491846415,
    "std_harmony": 0.016188509569644922,
    "min_harmony": 0.5918047169196383,
    "max_harmony": 0.6707146208752207,
    "mean_ljpw": [
      0.7583779054580313,
      0.7315857900176764,
      0.6671267662775306,
      0.799277099504169
    ],
    "dominant_dimension": "Wisdom",
    "resonance_convergence_rate": 0.26666666666666666,
    "harmony_distribution": {
      "0.0-0.5": 0,
      "0.5-0.6": 2,
      "0.6-0.7": 43,
      "0.7-0.8": 0,
      "0.8-0.9": 0,
      "0.9-1.0": 0
    }
  },
  "English": {
    "verse_count": 45,
    "mean_harmony": 0.5384171049467825,
    "std_harmony": 0.05016146187129623,
    "min_harmony": 0.47516409872148213,
    "max_harmony": 0.6844992970494337,
    "mean_ljpw": [
      0.575800131493411,
      0.581801524917464,
      0.5223200138476962,
      0.6037564955677001
    ],
    "dominant_dimension": "Wisdom",
    "resonance_convergence_rate": 1.3555555555555556,
    "harmony_distribution": {
      "0.0-0.5": 4,
      "0.5-0.6": 34,
      "0.6-0.7": 7,
      "0.7-0.8": 0,
      "0.8-0.9": 0,
      "0.9-1.0": 0
    }
  },
  "Spanish": {
    "verse_count": 45,
    "mean_harmony": 0.5594429264776397,
    "std_harmony": 0.028045747039514603,
    "min_harmony": 0.5175786049275942,
    "max_harmony": 0.6180779586420613,
    "mean_ljpw": [
      0.6252427226169215,
      0.646676988415084,
      0.5031443688586545,
      0.6726712937219498
    ],
    "dominant_dimension": "Wisdom",
    "resonance_convergence_rate": 1.0,
    "harmony_distribution": {
      "0.0-0.5": 0,
      "0.5-0.6": 38,
      "0.6-0.7": 7,
      "0.7-0.8": 0,
      "0.8-0.9": 0,
      "0.9-1.0": 0
    }
  },
  "Chinese": {
    "verse_count": 45,
    "mean_harmony": 0.5903223003441104,
    "std_harmony": 0.020491048613557186,
    "min_harmony": 0.5054787689887242,
    "max_harmony": 0.6200594978801466,
    "mean_ljpw": [
      0.6759517905935769,
      0.660622313164978,
      0.5472704509930252,
      0.7722771611307181
    ],
    "dominant_dimension": "Wisdom",
    "resonance_convergence_rate": 1.0222222222222221,
    "harmony_distribution": {
      "0.0-0.5": 0,
      "0.5-0.6": 36,
      "0.6-0.7": 9,
      "0.7-0.8": 0,
      "0.8-0.9": 0,
      "0.9-1.0": 0
    }
  },
  "Wedau": {
    "verse_count": 45,
    "mean_harmony": 0.5597690689590847,
    "std_harmony": 0.044572749221004605,
    "min_harmony": 0.436876542475573,
    "max_harmony": 0.617129953578535,
    "mean_ljpw": [
      0.6584010760657846,
      0.6239571093729025,
      0.4879905074883638,
      0.679186480461128
    ],
    "dominant_dimension": "Wisdom",
    "resonance_convergence_rate": 1.1777777777777778,
    "harmony_distribution": {
      "0.0-0.5": 2,
      "0.5-0.6": 32,
      "0.6-0.7": 11,
      "0.7-0.8": 0,
      "0.8-0.9": 0,
      "0.9-1.0": 0
    }
  }
}