{
  "summary": {
    "total_verses": 45,
    "avg_distance": 0.2744074178253418,
    "min_distance": 0.004524793388429804,
    "max_distance": 0.7559161664993942,
    "std_distance": 0.17607182465070892,
    "consistency_rate": 0.5555555555555556,
    "avg_coord_diff": {
      "L": 0.17227555128239364,
      "J": 0.10283587111383348,
      "P": 0.08830333723089735,
      "W": 0.11956898815790303
    }
  },
  "results": [
    {
      "verse": 1,
      "distance": 0.15677966101694918,
      "consistent": 