{
  "summary": {
    "verses_analyzed": 6,
    "avg_distances": {
      "english_wedau": 0.2120090044729339,
      "english_greek": 0.40716575232248164,
      "wedau_greek": 0.5258301623624639
    },
    "avg_variance": 0.23288656569741764,
    "consistency_rate": 0.3333333333333333
  },
  "results": [
    {
      "verse": 1,
      "english_coords": [
        0.8,
        0.75,
        0.5,
        0.85
      ],
      "wedau_coords": [
        0.9254237288135594,
        0.75,
        0.4059322033898305,
        0.85
      ],
      "greek_coords": [
        0.5,
        0.75,
        0.5,
        0.6
      ],
      "centroid": [
        0.7418079096045198,
        0.75,
        0.46864406779661016,
        0.7666666666666666
      ],
      "distances": {
        "eng_wed": 0.15677966101694918,
        "eng_grk": 0.39051248379533277,
        "wed_grk": 0.5023286766617302
      },
      "variance": 0.20429531793890232,
      "consistent": 